Election_Cycle,Region,Elections,Report_Date,Keyword_1,Spend_USD_1,Keyword_2,Spend_USD_2,Keyword_3,Spend_USD_3,Keyword_4,Spend_USD_4,Keyword_5,Spend_USD_5,Keyword_6,Spend_USD_6
US-Federal-2018,US,US-Federal,2019-11-25,elizabeth warren,1479900,pete buttigieg,1379200,kamala harris,964300,tulsi gabbard,715100,donald trump,685900,beto o rourke,673300
US-Federal-2018,US,US-Federal,2019-11-20,elizabeth warren,1469600,pete buttigieg,1312100,kamala harris,962900,tulsi gabbard,692300,beto o rourke,673300,donald trump,665300
US-Federal-2018,US,US-Federal,2019-11-18,elizabeth warren,1466600,pete buttigieg,1286400,kamala harris,962800,tulsi gabbard,690300,beto o rourke,673300,donald trump,659100
US-Federal-2018,US,US-Federal,2019-11-11,elizabeth warren,1452300,pete buttigieg,1209500,kamala harris,962200,tulsi gabbard,681000,beto o rourke,673300,donald trump,628800
US-Federal-2018,US,US-Federal,2019-11-04,elizabeth warren,1430200,pete buttigieg,1151700,kamala harris,952600,beto o rourke,673300,tulsi gabbard,661600,donald trump,609800
US-Federal-2018,US,US-Federal,2019-10-28,elizabeth warren,1408200,pete buttigieg,1106500,kamala harris,939000,beto o rourke,673200,tulsi gabbard,643700,donald trump,581900
US-Federal-2018,US,US-Federal,2019-10-21,elizabeth warren,1385600,pete buttigieg,1083400,kamala harris,934100,beto o rourke,673000,tulsi gabbard,604600,donald trump,567400
US-Federal-2018,US,US-Federal,2019-10-14,elizabeth warren,1337200,pete buttigieg,974800,kamala harris,909300,beto o rourke,672400,donald trump,545900,tulsi gabbard,518800
US-Federal-2018,US,US-Federal,2019-10-07,elizabeth warren,1284900,pete buttigieg,950500,kamala harris,908600,beto o rourke,672400,tulsi gabbard,509600,donald trump,499100
US-Federal-2018,US,US-Federal,2019-09-30,elizabeth warren,1243600,pete buttigieg,929500,kamala harris,887700,beto o rourke,671600,tulsi gabbard,501600,joe biden,400900
US-Federal-2018,US,US-Federal,2019-09-23,elizabeth warren,1210900,pete buttigieg,907400,kamala harris,858800,beto o rourke,671500,tulsi gabbard,487600,joe biden,395400
US-Federal-2018,US,US-Federal,2019-09-16,elizabeth warren,1160700,pete buttigieg,877800,kamala harris,834600,beto o rourke,670700,tulsi gabbard,476900,joe biden,394500
US-Federal-2018,US,US-Federal,2019-09-02,elizabeth warren,1026700,kamala harris,806200,pete buttigieg,804800,beto o rourke,662700,tulsi gabbard,451900,joe biden,388800
US-Federal-2018,US,US-Federal,2019-08-26,elizabeth warren,979600,kamala harris,806000,pete buttigieg,788300,beto o rourke,657000,tulsi gabbard,436800,joe biden,388100
US-Federal-2018,US,US-Federal,2019-08-19,elizabeth warren,928700,kamala harris,805500,pete buttigieg,764300,beto o rourke,654500,tulsi gabbard,425000,joe biden,387400
US-Federal-2018,US,US-Federal,2019-08-12,elizabeth warren,869600,kamala harris,785500,pete buttigieg,739400,beto o rourke,651200,tulsi gabbard,410500,joe biden,386000
US-Federal-2018,US,US-Federal,2019-08-05,elizabeth warren,828200,kamala harris,748700,pete buttigieg,717200,beto o rourke,643600,tulsi gabbard,383700,joe biden,381600
US-Federal-2018,US,US-Federal,2019-07-29,elizabeth warren,745000,pete buttigieg,648400,beto o rourke,640200,kamala harris,633300,joe biden,357900,rick scott,296000
US-Federal-2018,US,US-Federal,2019-07-22,elizabeth warren,726100,beto o rourke,640200,pete buttigieg,630800,kamala harris,606300,joe biden,353400,rick scott,296000
US-Federal-2018,US,US-Federal,2019-07-15,elizabeth warren,704600,beto o rourke,640200,pete buttigieg,606800,kamala harris,564400,joe biden,345000,rick scott,296000
US-Federal-2018,US,US-Federal,2019-07-08,elizabeth warren,679800,beto o rourke,640200,pete buttigieg,580500,kamala harris,544400,joe biden,335100,rick scott,296000
US-Federal-2018,US,US-Federal,2019-07-01,elizabeth warren,658200,beto o rourke,640200,pete buttigieg,540300,kamala harris,470600,joe biden,325900,rick scott,296000
US-Federal-2018,US,US-Federal,2019-06-24,beto o rourke,639200,elizabeth warren,567600,pete buttigieg,451700,joe biden,302400,rick scott,296000,kamala harris,244600
US-Federal-2018,US,US-Federal,2019-06-17,beto o rourke,639100,elizabeth warren,528900,pete buttigieg,427900,rick scott,296000,joe biden,295500,kamala harris,234100
US-Federal-2018,US,US-Federal,2019-06-10,beto o rourke,639100,elizabeth warren,499300,pete buttigieg,402000,rick scott,296000,joe biden,291600,kamala harris,226400
US-Federal-2018,US,US-Federal,2019-06-03,beto o rourke,639000,elizabeth warren,464400,pete buttigieg,385000,rick scott,296000,joe biden,289100,aclu,210800
US-Federal-2018,US,US-Federal,2019-05-27,beto o rourke,637800,elizabeth warren,442700,pete buttigieg,383900,rick scott,296000,joe biden,289100,aclu,206100
US-Federal-2018,US,US-Federal,2019-05-20,beto o rourke,635300,elizabeth warren,427200,pete buttigieg,373900,rick scott,296000,joe biden,288900,aclu,200800
US-Federal-2018,US,US-Federal,2019-05-13,beto o rourke,632100,elizabeth warren,403400,pete buttigieg,339400,rick scott,296000,joe biden,286300,aclu,190900
US-Federal-2018,US,US-Federal,2019-05-06,beto o rourke,630800,elizabeth warren,387100,rick scott,296000,pete buttigieg,289600,joe biden,258300,aclu,186900
US-Federal-2018,US,US-Federal,2019-04-29,beto o rourke,629600,elizabeth warren,375400,rick scott,296000,pete buttigieg,221000,beto,185200,aclu,182900
US-Federal-2018,US,US-Federal,2019-04-22,beto o rourke,627800,elizabeth warren,346900,rick scott,296000,pete buttigieg,195500,beto,183900,aclu,178400
US-Federal-2018,US,US-Federal,2019-04-15,beto o rourke,626600,elizabeth warren,335400,rick scott,296000,beto,183100,aclu,174200,ted cruz,150100
US-Federal-2018,US,US-Federal,2019-04-08,beto o rourke,625000,elizabeth warren,326600,rick scott,296000,beto,181900,aclu,167700,vote,151300
US-Federal-2018,US,US-Federal,2019-04-01,beto o rourke,622600,elizabeth warren,318300,rick scott,296000,beto,179700,aclu,161500,ted cruz,150100
US-Federal-2018,US,US-Federal,2019-03-25,beto o rourke,620400,elizabeth warren,308200,rick scott,296000,beto,174900,aclu,156200,vote,152400
US-Federal-2018,US,US-Federal,2019-03-24,beto o rourke,614700,elizabeth warren,306400,rick scott,296000,beto,173000,aclu,155200,vote,152400
US-Federal-2018,US,US-Federal,2019-03-18,beto o rourke,559600,rick scott,296000,elizabeth warren,291000,beto,156400,vote,152400,ted cruz,150100
US-Federal-2018,US,US-Federal,2019-03-11,beto o rourke,496400,rick scott,295000,elizabeth warren,277800,ted cruz,150100,aclu,142700,vote,140400
US-Federal-2018,US,US-Federal,2019-02-24,beto o rourke,494600,rick scott,279700,elizabeth warren,255900,ted cruz,149300,bill nelson,136300,heidi heitkamp,129500
US-Federal-2018,US,US-Federal,2019-02-18,beto o rourke,494600,rick scott,279700,elizabeth warren,241100,ted cruz,149300,bill nelson,136300,heidi heitkamp,129500
US-Federal-2018,US,US-Federal,2019-02-11,beto o rourke,494600,rick scott,279700,elizabeth warren,224800,ted cruz,149000,bill nelson,136300,heidi heitkamp,129500
US-Federal-2018,US,US-Federal,2019-02-04,beto o rourke,494600,rick scott,279700,elizabeth warren,178200,ted cruz,149000,bill nelson,136300,heidi heitkamp,129500
US-Federal-2018,US,US-Federal,2019-01-28,beto o rourke,494600,rick scott,279700,elizabeth warren,165500,ted cruz,148900,bill nelson,136300,heidi heitkamp,129500
US-Federal-2018,US,US-Federal,2019-01-21,beto o rourke,494600,rick scott,279700,elizabeth warren,149400,ted cruz,148800,bill nelson,136300,heidi heitkamp,129500
US-Federal-2018,US,US-Federal,2019-01-14,beto o rourke,494600,rick scott,279700,ted cruz,148800,bill nelson,136300,elizabeth warren,136100,heidi heitkamp,129500
US-Federal-2018,US,US-Federal,2019-01-07,beto o rourke,494600,rick scott,279700,ted cruz,148800,bill nelson,136300,heidi heitkamp,129500,josh hawley,128900
US-Federal-2018,US,US-Federal,2018-12-10,beto o rourke,490200,rick scott,279600,ted cruz,148700,bill nelson,136200,josh hawley,128200,beto,125800
US-Federal-2018,US,US-Federal,2018-12-03,beto o rourke,494600,rick scott,279700,ted cruz,149400,bill nelson,136300,heidi heitkamp,129500,josh hawley,128900
US-Federal-2018,US,US-Federal,2018-11-26,beto o rourke,494600,rick scott,280200,ted cruz,148200,josh hawley,147900,bill nelson,136300,heidi heitkamp,129500
US-Federal-2018,US,US-Federal,2018-11-19,beto o rourke,494600,rick scott,280200,ted cruz,148200,josh hawley,147900,bill nelson,136300,heidi heitkamp,129500
US-Federal-2018,US,US-Federal,2018-11-12,beto o rourke,494600,rick scott,279600,ted cruz,148200,josh hawley,147900,bill nelson,136200,heidi heitkamp,129500
US-Federal-2018,US,US-Federal,2018-11-05,beto o rourke,490400,rick scott,258900,ted cruz,143600,josh hawley,131600,beto,127600,heidi heitkamp,120600
US-Federal-2018,US,US-Federal,2018-10-29,beto o rourke,464600,rick scott,209000,beto,123500,ted cruz,122600,phil bredesen,113600,heidi heitkamp,105300
US-Federal-2018,US,US-Federal,2018-10-22,beto o rourke,390900,rick scott,177800,beto,99700,phil bredesen,94300,ted cruz,92100,heidi heitkamp,90900
US-Federal-2018,US,US-Federal,2018-10-15,beto o rourke,330700,rick scott,159400,phil bredesen,81000,heidi heitkamp,80200,ted cruz,71800,beto,69500
US-Federal-2018,US,US-Federal,2018-10-09,beto o rourke,287300,rick scott,144800,heidi heitkamp,74200,ted cruz,62200,phil bredesen,59600,josh hawley,59200
US-Federal-2018,US,US-Federal,2018-10-01,beto o rourke,232000,rick scott,129800,josh hawley,52400,aclu,51900,ted cruz,49700,bill nelson,48400
US-Federal-2018,US,US-Federal,2018-09-24,beto o rourke,199300,rick scott,113500,aclu,49700,ron desantis,44200,josh hawley,43800,bill nelson,38500
US-Federal-2018,US,US-Federal,2018-09-17,beto o rourke,165500,rick scott,107400,aclu,47500,ron desantis,43700,josh hawley,39500,diane black,37300
US-Federal-2018,US,US-Federal,2018-09-10,ron desantis,108900,rick scott,99500,beto o'rourke,71200,beto o rourke,59300,aclu,45600,diane black,37300
US-Federal-2018,US,US-Federal,2018-09-03,ron desantis,108400,rick scott,88800,beto o'rourke,59300,beto o rourke,48300,aclu,43700,diane black,37300
US-Federal-2018,US,US-Federal,2018-08-27,ron desantis,95800,rick scott,62300,beto o'rourke,45100,aclu,41500,diane black,37300,beto o rourke,35500
US-Federal-2018,US,US-Federal,2018-08-13,aclu,37500,diane black,37300,ron desantis,33700,beto o'rourke,29800,rick scott,28700,bill nelson,25200
